,date,wp1,wp2,wp3,wp4,wp5,wp6,wp7,id
0,2011-01-01,0.2677237421230209,0.2506500507232848,0.2754299026470737,0.2754299026470737,0.023430335884246624,0.024325995174435896,0.022557579340988294,1
1,2011-01-02,0.2697453453764394,0.25244901192462765,0.2794620824978035,0.2794620824978035,0.023091316749515586,0.024019516618757942,0.022304868979189228,2
2,2011-01-03,0.271780510077528,0.2526865516898246,0.28253599244313576,0.28253599244313576,0.02211034953524333,0.0236097042576628,0.021934850279717203,3
3,2011-01-04,0.2728348422672231,0.25242449459041927,0.28426897940912416,0.28426897940912416,0.02147322529585023,0.02301066123542905,0.02136388111168969,4
4,2011-01-05,0.2711001295599955,0.2532143249400449,0.28106965525727545,0.28106965525727545,0.020621592855047347,0.02198497345873817,0.020372097224549232,5
5,2011-01-06,0.2703888946012502,0.25618533931248677,0.28314473272935065,0.28314473272935065,0.01986710343598187,0.021500178291213215,0.020050183328883822,6
6,2011-01-07,0.2730678909413311,0.259784192414347,0.2878725511901649,0.2878725511901649,0.01937857103246814,0.021092241358432396,0.01975809626087111,7
7,2011-01-08,0.2742531500880775,0.26164615706885,0.2900070382977105,0.2900070382977105,0.018816301835381265,0.020420775159221527,0.019124623816858054,8
8,2011-01-09,0.27690142357305614,0.26253385727914225,0.29432778272377685,0.29432778272377685,0.01842892100124943,0.01995659056505641,0.018690260300772102,9
9,2011-01-10,0.2803243920671435,0.26173508435448334,0.29858374829441753,0.29858374829441753,0.017768935940928043,0.019349744557059012,0.018127036993276974,10
10,2011-01-11,0.2824234595529034,0.26262303788544106,0.3025728802663187,0.3025728802663187,0.017155658557994027,0.018793816147557013,0.01768184600323763,11
11,2011-01-12,0.27916679274717066,0.2603110835045888,0.29609351413378054,0.29609351413378054,0.01632486966498261,0.017480680605620583,0.016428547436375198,12
12,2011-01-13,0.2792448247223434,0.26480242208488036,0.2958309531607563,0.2958309531607563,0.015575596206014562,0.016829371344210295,0.015860048000877237,13
13,2011-01-14,0.28300433870325914,0.269959843530406,0.2996358397003372,0.2996358397003372,0.015167052802245022,0.016261547068442118,0.015376375730988684,14
14,2011-01-15,0.2796519793411542,0.2744037960420042,0.29852210139560476,0.29852210139560476,0.0141570005556551,0.015355228091597757,0.014577421186258946,15
15,2011-01-16,0.2761233196838949,0.27727864300126487,0.29544241432025475,0.29544241432025475,0.01337542215194347,0.014376192947843541,0.013612736271421226,16
16,2011-01-17,0.2717036210076099,0.2826762412657561,0.29083550426159716,0.29083550426159716,0.012111808284333054,0.013292798652651032,0.012659537696198798,17
17,2011-01-18,0.26764695343023426,0.2717112013347887,0.28230536396581724,0.28230536396581724,0.011061062223032289,0.011996104707296824,0.011430519807472178,18
18,2011-01-19,0.2525735903881113,0.26416618767438466,0.2622080718214791,0.2622080718214791,0.009355996976453495,0.01043598336533748,0.009905224560824174,19
19,2011-01-20,0.24707572222191507,0.2599846625006814,0.2578528332678239,0.2578528332678239,0.008501007785909495,0.009485551630236528,0.008983278900292666,20
20,2011-01-21,0.25321080224134296,0.264283151148192,0.26552409115833914,0.26552409115833914,0.007862481776921247,0.0089868907795723,0.008505532593285538,21
21,2011-01-22,0.25025452908360796,0.2626374538098882,0.25550116963306085,0.25550116963306085,0.006873330981113735,0.007913947470673127,0.007446987609226264,22
22,2011-01-23,0.2530595008283673,0.2671829021182536,0.261123592810137,0.261123592810137,0.0063799605046251495,0.007325578828628908,0.007047814969842935,23
23,2011-01-24,0.24931270632480929,0.2816426310062612,0.2591554501927657,0.2591554501927657,0.005503924693733672,0.0064109351805412395,0.0062717028391664695,24
24,2011-01-25,0.24082977733729954,0.26872569961071413,0.24280591913235053,0.24280591913235053,0.004532558752757345,0.005293604078967712,0.005171041209512147,25
25,2011-01-26,0.22997118777694425,0.26860472200792135,0.23130835082104373,0.23130835082104373,0.0036957593577697846,0.004357367958457397,0.004379770997442443,26
26,2011-01-27,0.21943064584997676,0.2665027542406797,0.21590486357944522,0.21590486357944522,0.0032508461637789526,0.0034448067406003357,0.003494214690164859,27
27,2011-01-28,0.21106296109567638,0.25392473342573213,0.2032458612662771,0.2032458612662771,0.0024271838403572394,0.0026819723002139907,0.002879960790372216,28
28,2011-01-29,0.19685436847735524,0.2659250361458747,0.19836354551844673,0.19836354551844673,0.0016659300641173578,0.0020153246754673476,0.0022699382695390855,29
29,2011-01-30,0.18404186618502613,0.3033186365586768,0.20199220005934518,0.20199220005934518,0.001044227226990642,0.001347345638231599,0.0016424543940209992,30
30,2011-01-31,0.15937611346178213,0.2513528982660528,0.18272996392287308,0.18272996392287308,0.0003545707075220405,0.0006989910004393249,0.0010675286047531663,31
31,2011-02-01,0.0,0.0,0.0,0.0,0.0,0.0,0.0,32
32,2011-02-02,0.0,0.0,0.0,0.0,0.0,0.0,0.0,33
33,2011-02-03,0.0,0.0,0.0,0.0,0.0,0.0,0.0,34
34,2011-02-04,0.0,0.0,0.0,0.0,0.0,0.0,0.0,35
35,2011-02-05,0.0,0.0,0.0,0.0,0.0,0.0,0.0,36
36,2011-02-06,0.0,0.0,0.0,0.0,0.0,0.0,0.0,37
37,2011-02-07,0.0,0.0,0.0,0.0,0.0,0.0,0.0,38
38,2011-02-08,0.0,0.0,0.0,0.0,0.0,0.0,0.0,39
39,2011-02-09,0.0,0.0,0.0,0.0,0.0,0.0,0.0,40
40,2011-02-10,0.0,0.0,0.0,0.0,0.0,0.0,0.0,41
41,2011-02-11,0.0,0.0,0.0,0.0,0.0,0.0,0.0,42
42,2011-02-12,0.0,0.0,0.0,0.0,0.0,0.0,0.0,43
43,2011-02-13,0.0,0.0,0.0,0.0,0.0,0.0,0.0,44
44,2011-02-14,0.0,0.0,0.0,0.0,0.0,0.0,0.0,45
45,2011-02-15,0.0,0.0,0.0,0.0,0.0,0.0,0.0,46
46,2011-02-16,0.0,0.0,0.0,0.0,0.0,0.0,0.0,47
47,2011-02-17,0.0,0.0,0.0,0.0,0.0,0.0,0.0,48
48,2011-02-18,0.0,0.0,0.0,0.0,0.0,0.0,0.0,49
49,2011-02-19,0.0,0.0,0.0,0.0,0.0,0.0,0.0,50
50,2011-02-20,0.0,0.0,0.0,0.0,0.0,0.0,0.0,51
51,2011-02-21,0.0,0.0,0.0,0.0,0.0,0.0,0.0,52
52,2011-02-22,0.0,0.0,0.0,0.0,0.0,0.0,0.0,53
53,2011-02-23,0.0,0.0,0.0,0.0,0.0,0.0,0.0,54
54,2011-02-24,0.0,0.0,0.0,0.0,0.0,0.0,0.0,55
55,2011-02-25,0.0,0.0,0.0,0.0,0.0,0.0,0.0,56
56,2011-02-26,0.0,0.0,0.0,0.0,0.0,0.0,0.0,57
57,2011-02-27,0.0,0.0,0.0,0.0,0.0,0.0,0.0,58
58,2011-02-28,0.0,0.0,0.0,0.0,0.0,0.0,0.0,59
59,2011-03-01,0.0,0.0,0.0,0.0,0.0,0.0,0.0,60
60,2011-03-02,0.0,0.0,0.0,0.0,0.0,0.0,0.0,61
61,2011-03-03,0.0,0.0,0.0,0.0,0.0,0.0,0.0,62
62,2011-03-04,0.0,0.0,0.0,0.0,0.0,0.0,0.0,63
63,2011-03-05,0.0,0.0,0.0,0.0,0.0,0.0,0.0,64
64,2011-03-06,0.0,0.0,0.0,0.0,0.0,0.0,0.0,65
65,2011-03-07,0.0,0.0,0.0,0.0,0.0,0.0,0.0,66
66,2011-03-08,0.0,0.0,0.0,0.0,0.0,0.0,0.0,67
67,2011-03-09,0.0,0.0,0.0,0.0,0.0,0.0,0.0,68
68,2011-03-10,0.0,0.0,0.0,0.0,0.0,0.0,0.0,69
69,2011-03-11,0.0,0.0,0.0,0.0,0.0,0.0,0.0,70
70,2011-03-12,0.0,0.0,0.0,0.0,0.0,0.0,0.0,71
71,2011-03-13,0.0,0.0,0.0,0.0,0.0,0.0,0.0,72
72,2011-03-14,0.0,0.0,0.0,0.0,0.0,0.0,0.0,73
73,2011-03-15,0.0,0.0,0.0,0.0,0.0,0.0,0.0,74
74,2011-03-16,0.0,0.0,0.0,0.0,0.0,0.0,0.0,75
75,2011-03-17,0.0,0.0,0.0,0.0,0.0,0.0,0.0,76
76,2011-03-18,0.0,0.0,0.0,0.0,0.0,0.0,0.0,77
77,2011-03-19,0.0,0.0,0.0,0.0,0.0,0.0,0.0,78
78,2011-03-20,0.0,0.0,0.0,0.0,0.0,0.0,0.0,79
79,2011-03-21,0.0,0.0,0.0,0.0,0.0,0.0,0.0,80
80,2011-03-22,0.0,0.0,0.0,0.0,0.0,0.0,0.0,81
81,2011-03-23,0.0,0.0,0.0,0.0,0.0,0.0,0.0,82
82,2011-03-24,0.0,0.0,0.0,0.0,0.0,0.0,0.0,83
83,2011-03-25,0.0,0.0,0.0,0.0,0.0,0.0,0.0,84
84,2011-03-26,0.0,0.0,0.0,0.0,0.0,0.0,0.0,85
85,2011-03-27,0.0,0.0,0.0,0.0,0.0,0.0,0.0,86
86,2011-03-28,0.0,0.0,0.0,0.0,0.0,0.0,0.0,87
87,2011-03-29,0.0,0.0,0.0,0.0,0.0,0.0,0.0,88
88,2011-03-30,0.0,0.0,0.0,0.0,0.0,0.0,0.0,89
89,2011-03-31,0.0,0.0,0.0,0.0,0.0,0.0,0.0,90
90,2011-04-01,0.0,0.0,0.0,0.0,0.0,0.0,0.0,91
91,2011-04-02,0.0,0.0,0.0,0.0,0.0,0.0,0.0,92
92,2011-04-03,0.0,0.0,0.0,0.0,0.0,0.0,0.0,93
93,2011-04-04,0.0,0.0,0.0,0.0,0.0,0.0,0.0,94
94,2011-04-05,0.0,0.0,0.0,0.0,0.0,0.0,0.0,95
95,2011-04-06,0.0,0.0,0.0,0.0,0.0,0.0,0.0,96
96,2011-04-07,0.0,0.0,0.0,0.0,0.0,0.0,0.0,97
97,2011-04-08,0.0,0.0,0.0,0.0,0.0,0.0,0.0,98
98,2011-04-09,0.0,0.0,0.0,0.0,0.0,0.0,0.0,99
99,2011-04-10,0.0,0.0,0.0,0.0,0.0,0.0,0.0,100
100,2011-04-11,0.0,0.0,0.0,0.0,0.0,0.0,0.0,101
101,2011-04-12,0.0,0.0,0.0,0.0,0.0,0.0,0.0,102
102,2011-04-13,0.0,0.0,0.0,0.0,0.0,0.0,0.0,103
103,2011-04-14,0.0,0.0,0.0,0.0,0.0,0.0,0.0,104
104,2011-04-15,0.0,0.0,0.0,0.0,0.0,0.0,0.0,105
105,2011-04-16,0.0,0.0,0.0,0.0,0.0,0.0,0.0,106
106,2011-04-17,0.0,0.0,0.0,0.0,0.0,0.0,0.0,107
107,2011-04-18,0.0,0.0,0.0,0.0,0.0,0.0,0.0,108
108,2011-04-19,0.0,0.0,0.0,0.0,0.0,0.0,0.0,109
109,2011-04-20,0.0,0.0,0.0,0.0,0.0,0.0,0.0,110
110,2011-04-21,0.0,0.0,0.0,0.0,0.0,0.0,0.0,111
111,2011-04-22,0.0,0.0,0.0,0.0,0.0,0.0,0.0,112
112,2011-04-23,0.0,0.0,0.0,0.0,0.0,0.0,0.0,113
113,2011-04-24,0.0,0.0,0.0,0.0,0.0,0.0,0.0,114
114,2011-04-25,0.0,0.0,0.0,0.0,0.0,0.0,0.0,115
115,2011-04-26,0.0,0.0,0.0,0.0,0.0,0.0,0.0,116
116,2011-04-27,0.0,0.0,0.0,0.0,0.0,0.0,0.0,117
117,2011-04-28,0.0,0.0,0.0,0.0,0.0,0.0,0.0,118
118,2011-04-29,0.0,0.0,0.0,0.0,0.0,0.0,0.0,119
119,2011-04-30,0.0,0.0,0.0,0.0,0.0,0.0,0.0,120
120,2011-05-01,0.0,0.0,0.0,0.0,0.0,0.0,0.0,121
121,2011-05-02,0.0,0.0,0.0,0.0,0.0,0.0,0.0,122
122,2011-05-03,0.0,0.0,0.0,0.0,0.0,0.0,0.0,123
123,2011-05-04,0.0,0.0,0.0,0.0,0.0,0.0,0.0,124
124,2011-05-05,0.0,0.0,0.0,0.0,0.0,0.0,0.0,125
125,2011-05-06,0.0,0.0,0.0,0.0,0.0,0.0,0.0,126
126,2011-05-07,0.0,0.0,0.0,0.0,0.0,0.0,0.0,127
127,2011-05-08,0.0,0.0,0.0,0.0,0.0,0.0,0.0,128
128,2011-05-09,0.0,0.0,0.0,0.0,0.0,0.0,0.0,129
129,2011-05-10,0.0,0.0,0.0,0.0,0.0,0.0,0.0,130
130,2011-05-11,0.0,0.0,0.0,0.0,0.0,0.0,0.0,131
131,2011-05-12,0.0,0.0,0.0,0.0,0.0,0.0,0.0,132
132,2011-05-13,0.0,0.0,0.0,0.0,0.0,0.0,0.0,133
133,2011-05-14,0.0,0.0,0.0,0.0,0.0,0.0,0.0,134
134,2011-05-15,0.0,0.0,0.0,0.0,0.0,0.0,0.0,135
135,2011-05-16,0.0,0.0,0.0,0.0,0.0,0.0,0.0,136
136,2011-05-17,0.0,0.0,0.0,0.0,0.0,0.0,0.0,137
137,2011-05-18,0.0,0.0,0.0,0.0,0.0,0.0,0.0,138
138,2011-05-19,0.0,0.0,0.0,0.0,0.0,0.0,0.0,139
139,2011-05-20,0.0,0.0,0.0,0.0,0.0,0.0,0.0,140
140,2011-05-21,0.0,0.0,0.0,0.0,0.0,0.0,0.0,141
141,2011-05-22,0.0,0.0,0.0,0.0,0.0,0.0,0.0,142
142,2011-05-23,0.0,0.0,0.0,0.0,0.0,0.0,0.0,143
143,2011-05-24,0.0,0.0,0.0,0.0,0.0,0.0,0.0,144
144,2011-05-25,0.0,0.0,0.0,0.0,0.0,0.0,0.0,145
145,2011-05-26,0.0,0.0,0.0,0.0,0.0,0.0,0.0,146
146,2011-05-27,0.0,0.0,0.0,0.0,0.0,0.0,0.0,147
147,2011-05-28,0.0,0.0,0.0,0.0,0.0,0.0,0.0,148
148,2011-05-29,0.0,0.0,0.0,0.0,0.0,0.0,0.0,149
149,2011-05-30,0.0,0.0,0.0,0.0,0.0,0.0,0.0,150
150,2011-05-31,0.0,0.0,0.0,0.0,0.0,0.0,0.0,151
151,2011-06-01,0.0,0.0,0.0,0.0,0.0,0.0,0.0,152
152,2011-06-02,0.0,0.0,0.0,0.0,0.0,0.0,0.0,153
153,2011-06-03,0.0,0.0,0.0,0.0,0.0,0.0,0.0,154
154,2011-06-04,0.0,0.0,0.0,0.0,0.0,0.0,0.0,155
155,2011-06-05,0.0,0.0,0.0,0.0,0.0,0.0,0.0,156
156,2011-06-06,0.0,0.0,0.0,0.0,0.0,0.0,0.0,157
157,2011-06-07,0.0,0.0,0.0,0.0,0.0,0.0,0.0,158
158,2011-06-08,0.0,0.0,0.0,0.0,0.0,0.0,0.0,159
159,2011-06-09,0.0,0.0,0.0,0.0,0.0,0.0,0.0,160
160,2011-06-10,0.0,0.0,0.0,0.0,0.0,0.0,0.0,161
161,2011-06-11,0.0,0.0,0.0,0.0,0.0,0.0,0.0,162
162,2011-06-12,0.0,0.0,0.0,0.0,0.0,0.0,0.0,163
163,2011-06-13,0.0,0.0,0.0,0.0,0.0,0.0,0.0,164
164,2011-06-14,0.0,0.0,0.0,0.0,0.0,0.0,0.0,165
165,2011-06-15,0.0,0.0,0.0,0.0,0.0,0.0,0.0,166
166,2011-06-16,0.0,0.0,0.0,0.0,0.0,0.0,0.0,167
167,2011-06-17,0.0,0.0,0.0,0.0,0.0,0.0,0.0,168
168,2011-06-18,0.0,0.0,0.0,0.0,0.0,0.0,0.0,169
169,2011-06-19,0.0,0.0,0.0,0.0,0.0,0.0,0.0,170
170,2011-06-20,0.0,0.0,0.0,0.0,0.0,0.0,0.0,171
171,2011-06-21,0.0,0.0,0.0,0.0,0.0,0.0,0.0,172
172,2011-06-22,0.0,0.0,0.0,0.0,0.0,0.0,0.0,173
173,2011-06-23,0.0,0.0,0.0,0.0,0.0,0.0,0.0,174
174,2011-06-24,0.0,0.0,0.0,0.0,0.0,0.0,0.0,175
175,2011-06-25,0.0,0.0,0.0,0.0,0.0,0.0,0.0,176
176,2011-06-26,0.0,0.0,0.0,0.0,0.0,0.0,0.0,177
177,2011-06-27,0.0,0.0,0.0,0.0,0.0,0.0,0.0,178
178,2011-06-28,0.0,0.0,0.0,0.0,0.0,0.0,0.0,179
179,2011-06-29,0.0,0.0,0.0,0.0,0.0,0.0,0.0,180
180,2011-06-30,0.0,0.0,0.0,0.0,0.0,0.0,0.0,181
181,2011-07-01,0.0,0.0,0.0,0.0,0.0,0.0,0.0,182
182,2011-07-02,0.0,0.0,0.0,0.0,0.0,0.0,0.0,183
183,2011-07-03,0.0,0.0,0.0,0.0,0.0,0.0,0.0,184
184,2011-07-04,0.0,0.0,0.0,0.0,0.0,0.0,0.0,185
185,2011-07-05,0.0,0.0,0.0,0.0,0.0,0.0,0.0,186
186,2011-07-06,0.0,0.0,0.0,0.0,0.0,0.0,0.0,187
187,2011-07-07,0.0,0.0,0.0,0.0,0.0,0.0,0.0,188
188,2011-07-08,0.0,0.0,0.0,0.0,0.0,0.0,0.0,189
189,2011-07-09,0.0,0.0,0.0,0.0,0.0,0.0,0.0,190
190,2011-07-10,0.0,0.0,0.0,0.0,0.0,0.0,0.0,191
191,2011-07-11,0.0,0.0,0.0,0.0,0.0,0.0,0.0,192
192,2011-07-12,0.0,0.0,0.0,0.0,0.0,0.0,0.0,193
193,2011-07-13,0.0,0.0,0.0,0.0,0.0,0.0,0.0,194
194,2011-07-14,0.0,0.0,0.0,0.0,0.0,0.0,0.0,195
195,2011-07-15,0.0,0.0,0.0,0.0,0.0,0.0,0.0,196
196,2011-07-16,0.0,0.0,0.0,0.0,0.0,0.0,0.0,197
197,2011-07-17,0.0,0.0,0.0,0.0,0.0,0.0,0.0,198
198,2011-07-18,0.0,0.0,0.0,0.0,0.0,0.0,0.0,199
199,2011-07-19,0.0,0.0,0.0,0.0,0.0,0.0,0.0,200
200,2011-07-20,0.0,0.0,0.0,0.0,0.0,0.0,0.0,201
201,2011-07-21,0.0,0.0,0.0,0.0,0.0,0.0,0.0,202
202,2011-07-22,0.0,0.0,0.0,0.0,0.0,0.0,0.0,203
203,2011-07-23,0.0,0.0,0.0,0.0,0.0,0.0,0.0,204
204,2011-07-24,0.0,0.0,0.0,0.0,0.0,0.0,0.0,205
205,2011-07-25,0.0,0.0,0.0,0.0,0.0,0.0,0.0,206
206,2011-07-26,0.0,0.0,0.0,0.0,0.0,0.0,0.0,207
207,2011-07-27,0.0,0.0,0.0,0.0,0.0,0.0,0.0,208
208,2011-07-28,0.0,0.0,0.0,0.0,0.0,0.0,0.0,209
209,2011-07-29,0.0,0.0,0.0,0.0,0.0,0.0,0.0,210
210,2011-07-30,0.0,0.0,0.0,0.0,0.0,0.0,0.0,211
211,2011-07-31,0.0,0.0,0.0,0.0,0.0,0.0,0.0,212
212,2011-08-01,0.0,0.0,0.0,0.0,0.0,0.0,0.0,213
213,2011-08-02,0.0,0.0,0.0,0.0,0.0,0.0,0.0,214
214,2011-08-03,0.0,0.0,0.0,0.0,0.0,0.0,0.0,215
215,2011-08-04,0.0,0.0,0.0,0.0,0.0,0.0,0.0,216
216,2011-08-05,0.0,0.0,0.0,0.0,0.0,0.0,0.0,217
217,2011-08-06,0.0,0.0,0.0,0.0,0.0,0.0,0.0,218
218,2011-08-07,0.0,0.0,0.0,0.0,0.0,0.0,0.0,219
219,2011-08-08,0.0,0.0,0.0,0.0,0.0,0.0,0.0,220
220,2011-08-09,0.0,0.0,0.0,0.0,0.0,0.0,0.0,221
221,2011-08-10,0.0,0.0,0.0,0.0,0.0,0.0,0.0,222
222,2011-08-11,0.0,0.0,0.0,0.0,0.0,0.0,0.0,223
223,2011-08-12,0.0,0.0,0.0,0.0,0.0,0.0,0.0,224
224,2011-08-13,0.0,0.0,0.0,0.0,0.0,0.0,0.0,225
225,2011-08-14,0.0,0.0,0.0,0.0,0.0,0.0,0.0,226
226,2011-08-15,0.0,0.0,0.0,0.0,0.0,0.0,0.0,227
227,2011-08-16,0.0,0.0,0.0,0.0,0.0,0.0,0.0,228
228,2011-08-17,0.0,0.0,0.0,0.0,0.0,0.0,0.0,229
229,2011-08-18,0.0,0.0,0.0,0.0,0.0,0.0,0.0,230
230,2011-08-19,0.0,0.0,0.0,0.0,0.0,0.0,0.0,231
231,2011-08-20,0.0,0.0,0.0,0.0,0.0,0.0,0.0,232
232,2011-08-21,0.0,0.0,0.0,0.0,0.0,0.0,0.0,233
233,2011-08-22,0.0,0.0,0.0,0.0,0.0,0.0,0.0,234
234,2011-08-23,0.0,0.0,0.0,0.0,0.0,0.0,0.0,235
235,2011-08-24,0.0,0.0,0.0,0.0,0.0,0.0,0.0,236
236,2011-08-25,0.0,0.0,0.0,0.0,0.0,0.0,0.0,237
237,2011-08-26,0.0,0.0,0.0,0.0,0.0,0.0,0.0,238
238,2011-08-27,0.0,0.0,0.0,0.0,0.0,0.0,0.0,239
239,2011-08-28,0.0,0.0,0.0,0.0,0.0,0.0,0.0,240
240,2011-08-29,0.0,0.0,0.0,0.0,0.0,0.0,0.0,241
241,2011-08-30,0.0,0.0,0.0,0.0,0.0,0.0,0.0,242
242,2011-08-31,0.0,0.0,0.0,0.0,0.0,0.0,0.0,243
243,2011-09-01,0.0,0.0,0.0,0.0,0.0,0.0,0.0,244
244,2011-09-02,0.0,0.0,0.0,0.0,0.0,0.0,0.0,245
245,2011-09-03,0.0,0.0,0.0,0.0,0.0,0.0,0.0,246
246,2011-09-04,0.0,0.0,0.0,0.0,0.0,0.0,0.0,247
247,2011-09-05,0.0,0.0,0.0,0.0,0.0,0.0,0.0,248
248,2011-09-06,0.0,0.0,0.0,0.0,0.0,0.0,0.0,249
249,2011-09-07,0.0,0.0,0.0,0.0,0.0,0.0,0.0,250
250,2011-09-08,0.0,0.0,0.0,0.0,0.0,0.0,0.0,251
251,2011-09-09,0.0,0.0,0.0,0.0,0.0,0.0,0.0,252
252,2011-09-10,0.0,0.0,0.0,0.0,0.0,0.0,0.0,253
253,2011-09-11,0.0,0.0,0.0,0.0,0.0,0.0,0.0,254
254,2011-09-12,0.0,0.0,0.0,0.0,0.0,0.0,0.0,255
255,2011-09-13,0.0,0.0,0.0,0.0,0.0,0.0,0.0,256
256,2011-09-14,0.0,0.0,0.0,0.0,0.0,0.0,0.0,257
257,2011-09-15,0.0,0.0,0.0,0.0,0.0,0.0,0.0,258
258,2011-09-16,0.0,0.0,0.0,0.0,0.0,0.0,0.0,259
259,2011-09-17,0.0,0.0,0.0,0.0,0.0,0.0,0.0,260
260,2011-09-18,0.0,0.0,0.0,0.0,0.0,0.0,0.0,261
261,2011-09-19,0.0,0.0,0.0,0.0,0.0,0.0,0.0,262
262,2011-09-20,0.0,0.0,0.0,0.0,0.0,0.0,0.0,263
263,2011-09-21,0.0,0.0,0.0,0.0,0.0,0.0,0.0,264
264,2011-09-22,0.0,0.0,0.0,0.0,0.0,0.0,0.0,265
265,2011-09-23,0.0,0.0,0.0,0.0,0.0,0.0,0.0,266
266,2011-09-24,0.0,0.0,0.0,0.0,0.0,0.0,0.0,267
267,2011-09-25,0.0,0.0,0.0,0.0,0.0,0.0,0.0,268
268,2011-09-26,0.0,0.0,0.0,0.0,0.0,0.0,0.0,269
269,2011-09-27,0.0,0.0,0.0,0.0,0.0,0.0,0.0,270
270,2011-09-28,0.0,0.0,0.0,0.0,0.0,0.0,0.0,271
271,2011-09-29,0.0,0.0,0.0,0.0,0.0,0.0,0.0,272
272,2011-09-30,0.0,0.0,0.0,0.0,0.0,0.0,0.0,273
273,2011-10-01,0.0,0.0,0.0,0.0,0.0,0.0,0.0,274
274,2011-10-02,0.0,0.0,0.0,0.0,0.0,0.0,0.0,275
275,2011-10-03,0.0,0.0,0.0,0.0,0.0,0.0,0.0,276
276,2011-10-04,0.0,0.0,0.0,0.0,0.0,0.0,0.0,277
277,2011-10-05,0.0,0.0,0.0,0.0,0.0,0.0,0.0,278
278,2011-10-06,0.0,0.0,0.0,0.0,0.0,0.0,0.0,279
279,2011-10-07,0.0,0.0,0.0,0.0,0.0,0.0,0.0,280
280,2011-10-08,0.0,0.0,0.0,0.0,0.0,0.0,0.0,281
281,2011-10-09,0.0,0.0,0.0,0.0,0.0,0.0,0.0,282
282,2011-10-10,0.0,0.0,0.0,0.0,0.0,0.0,0.0,283
283,2011-10-11,0.0,0.0,0.0,0.0,0.0,0.0,0.0,284
284,2011-10-12,0.0,0.0,0.0,0.0,0.0,0.0,0.0,285
285,2011-10-13,0.0,0.0,0.0,0.0,0.0,0.0,0.0,286
286,2011-10-14,0.0,0.0,0.0,0.0,0.0,0.0,0.0,287
287,2011-10-15,0.0,0.0,0.0,0.0,0.0,0.0,0.0,288
288,2011-10-16,0.0,0.0,0.0,0.0,0.0,0.0,0.0,289
289,2011-10-17,0.0,0.0,0.0,0.0,0.0,0.0,0.0,290
290,2011-10-18,0.0,0.0,0.0,0.0,0.0,0.0,0.0,291
291,2011-10-19,0.0,0.0,0.0,0.0,0.0,0.0,0.0,292
292,2011-10-20,0.0,0.0,0.0,0.0,0.0,0.0,0.0,293
293,2011-10-21,0.0,0.0,0.0,0.0,0.0,0.0,0.0,294
294,2011-10-22,0.0,0.0,0.0,0.0,0.0,0.0,0.0,295
295,2011-10-23,0.0,0.0,0.0,0.0,0.0,0.0,0.0,296
296,2011-10-24,0.0,0.0,0.0,0.0,0.0,0.0,0.0,297
297,2011-10-25,0.0,0.0,0.0,0.0,0.0,0.0,0.0,298
298,2011-10-26,0.0,0.0,0.0,0.0,0.0,0.0,0.0,299
299,2011-10-27,0.0,0.0,0.0,0.0,0.0,0.0,0.0,300
300,2011-10-28,0.0,0.0,0.0,0.0,0.0,0.0,0.0,301
301,2011-10-29,0.0,0.0,0.0,0.0,0.0,0.0,0.0,302
302,2011-10-30,0.0,0.0,0.0,0.0,0.0,0.0,0.0,303
303,2011-10-31,0.0,0.0,0.0,0.0,0.0,0.0,0.0,304
304,2011-11-01,0.0,0.0,0.0,0.0,0.0,0.0,0.0,305
305,2011-11-02,0.0,0.0,0.0,0.0,0.0,0.0,0.0,306
306,2011-11-03,0.0,0.0,0.0,0.0,0.0,0.0,0.0,307
307,2011-11-04,0.0,0.0,0.0,0.0,0.0,0.0,0.0,308
308,2011-11-05,0.0,0.0,0.0,0.0,0.0,0.0,0.0,309
309,2011-11-06,0.0,0.0,0.0,0.0,0.0,0.0,0.0,310
310,2011-11-07,0.0,0.0,0.0,0.0,0.0,0.0,0.0,311
311,2011-11-08,0.0,0.0,0.0,0.0,0.0,0.0,0.0,312
312,2011-11-09,0.0,0.0,0.0,0.0,0.0,0.0,0.0,313
313,2011-11-10,0.0,0.0,0.0,0.0,0.0,0.0,0.0,314
314,2011-11-11,0.0,0.0,0.0,0.0,0.0,0.0,0.0,315
315,2011-11-12,0.0,0.0,0.0,0.0,0.0,0.0,0.0,316
316,2011-11-13,0.0,0.0,0.0,0.0,0.0,0.0,0.0,317
317,2011-11-14,0.0,0.0,0.0,0.0,0.0,0.0,0.0,318
318,2011-11-15,0.0,0.0,0.0,0.0,0.0,0.0,0.0,319
319,2011-11-16,0.0,0.0,0.0,0.0,0.0,0.0,0.0,320
320,2011-11-17,0.0,0.0,0.0,0.0,0.0,0.0,0.0,321
321,2011-11-18,0.0,0.0,0.0,0.0,0.0,0.0,0.0,322
322,2011-11-19,0.0,0.0,0.0,0.0,0.0,0.0,0.0,323
323,2011-11-20,0.0,0.0,0.0,0.0,0.0,0.0,0.0,324
324,2011-11-21,0.0,0.0,0.0,0.0,0.0,0.0,0.0,325
325,2011-11-22,0.0,0.0,0.0,0.0,0.0,0.0,0.0,326
326,2011-11-23,0.0,0.0,0.0,0.0,0.0,0.0,0.0,327
327,2011-11-24,0.0,0.0,0.0,0.0,0.0,0.0,0.0,328
328,2011-11-25,0.0,0.0,0.0,0.0,0.0,0.0,0.0,329
329,2011-11-26,0.0,0.0,0.0,0.0,0.0,0.0,0.0,330
330,2011-11-27,0.0,0.0,0.0,0.0,0.0,0.0,0.0,331
331,2011-11-28,0.0,0.0,0.0,0.0,0.0,0.0,0.0,332
332,2011-11-29,0.0,0.0,0.0,0.0,0.0,0.0,0.0,333
333,2011-11-30,0.0,0.0,0.0,0.0,0.0,0.0,0.0,334
334,2011-12-01,0.0,0.0,0.0,0.0,0.0,0.0,0.0,335
335,2011-12-02,0.0,0.0,0.0,0.0,0.0,0.0,0.0,336
336,2011-12-03,0.0,0.0,0.0,0.0,0.0,0.0,0.0,337
337,2011-12-04,0.0,0.0,0.0,0.0,0.0,0.0,0.0,338
338,2011-12-05,0.0,0.0,0.0,0.0,0.0,0.0,0.0,339
339,2011-12-06,0.0,0.0,0.0,0.0,0.0,0.0,0.0,340
340,2011-12-07,0.0,0.0,0.0,0.0,0.0,0.0,0.0,341
341,2011-12-08,0.0,0.0,0.0,0.0,0.0,0.0,0.0,342
342,2011-12-09,0.0,0.0,0.0,0.0,0.0,0.0,0.0,343
343,2011-12-10,0.0,0.0,0.0,0.0,0.0,0.0,0.0,344
344,2011-12-11,0.0,0.0,0.0,0.0,0.0,0.0,0.0,345
345,2011-12-12,0.0,0.0,0.0,0.0,0.0,0.0,0.0,346
346,2011-12-13,0.0,0.0,0.0,0.0,0.0,0.0,0.0,347
347,2011-12-14,0.0,0.0,0.0,0.0,0.0,0.0,0.0,348
348,2011-12-15,0.0,0.0,0.0,0.0,0.0,0.0,0.0,349
349,2011-12-16,0.0,0.0,0.0,0.0,0.0,0.0,0.0,350
350,2011-12-17,0.0,0.0,0.0,0.0,0.0,0.0,0.0,351
351,2011-12-18,0.0,0.0,0.0,0.0,0.0,0.0,0.0,352
352,2011-12-19,0.0,0.0,0.0,0.0,0.0,0.0,0.0,353
353,2011-12-20,0.0,0.0,0.0,0.0,0.0,0.0,0.0,354
354,2011-12-21,0.0,0.0,0.0,0.0,0.0,0.0,0.0,355
355,2011-12-22,0.0,0.0,0.0,0.0,0.0,0.0,0.0,356
356,2011-12-23,0.0,0.0,0.0,0.0,0.0,0.0,0.0,357
357,2011-12-24,0.0,0.0,0.0,0.0,0.0,0.0,0.0,358
358,2011-12-25,0.0,0.0,0.0,0.0,0.0,0.0,0.0,359
359,2011-12-26,0.0,0.0,0.0,0.0,0.0,0.0,0.0,360
360,2011-12-27,0.0,0.0,0.0,0.0,0.0,0.0,0.0,361
361,2011-12-28,0.0,0.0,0.0,0.0,0.0,0.0,0.0,362
362,2011-12-29,0.0,0.0,0.0,0.0,0.0,0.0,0.0,363
363,2011-12-30,0.0,0.0,0.0,0.0,0.0,0.0,0.0,364
364,2011-12-31,0.0,0.0,0.0,0.0,0.0,0.0,0.0,365
365,2012-01-01,0.3363611389247727,0.29754384914870374,0.3366871549550846,0.3366871549550846,0.33487083683323954,0.34789155028427066,0.3415889553497989,366
366,2012-01-02,0.3346511764938603,0.3046782424613574,0.339090945203144,0.339090945203144,0.33769232274329347,0.3496518645030636,0.34001497456513696,367
367,2012-01-03,0.33409727812693996,0.3055605080613057,0.3399880530495464,0.3399880530495464,0.3370017874928735,0.34987103063549496,0.3401635275012741,368
368,2012-01-04,0.3384884669908323,0.3026067979701605,0.3419007612046391,0.3419007612046391,0.34237973472270994,0.3518493079728687,0.3421343009126968,369
369,2012-01-05,0.34513572558413524,0.30986600247168944,0.34950163152020247,0.34950163152020247,0.34323804868769003,0.3579900049560871,0.3499854653061464,370
370,2012-01-06,0.35226542646504994,0.3185215696558736,0.3569913507724901,0.3569913507724901,0.3491702621443519,0.3645897683987674,0.3555913068672865,371
371,2012-01-07,0.34956641581677594,0.31755853215302465,0.3544637111495187,0.3544637111495187,0.3466040101735351,0.36271405032052634,0.35466165016587003,372
372,2012-01-08,0.35405130886465025,0.32209983597144065,0.36052586786782514,0.36052586786782514,0.3543069452541434,0.3691809916260555,0.36027285676051246,373
373,2012-01-09,0.3555351048193319,0.3302988873181364,0.3656650207801074,0.3656650207801074,0.3492753194475719,0.3769024420749103,0.3688451978350356,374
374,2012-01-10,0.34806994536729513,0.32784057570736375,0.356046939837273,0.356046939837273,0.34101073024278805,0.37126105698056183,0.3634592331712099,375
375,2012-01-11,0.3397136294645025,0.3277024494815127,0.3470771191885869,0.3470771191885869,0.32976232131880506,0.36624536396018703,0.357258429578163,376
376,2012-01-12,0.3421172377523197,0.3318583557811548,0.3541744791846926,0.3541744791846926,0.33704284571875404,0.3755480256696683,0.3675168616499872,377
377,2012-01-13,0.3427197845352861,0.33066812567755205,0.35623824036621715,0.35623824036621715,0.3368282547128349,0.37764043630000343,0.37021537201790067,378
378,2012-01-14,0.3373030556068157,0.3311735086078943,0.35570532932333765,0.35570532932333765,0.3326675837601557,0.37749932146184695,0.3678335669596272,379
379,2012-01-15,0.3411672352788678,0.3359015644047203,0.36412426246332563,0.36412426246332563,0.3368448691856385,0.3882529489021403,0.37982055957534855,380
380,2012-01-16,0.34753752653986875,0.33233433526401973,0.3669251674414193,0.3669251674414193,0.34835765437974225,0.39273654269978925,0.38658862666096017,381
381,2012-01-17,0.3441747162942207,0.3267880806498574,0.3627875235726945,0.3627875235726945,0.3450924167093164,0.38755779693539755,0.38093028658179057,382
382,2012-01-18,0.33820070437758226,0.3253625641588163,0.3626266951612114,0.3626266951612114,0.325678611977345,0.3901360745861278,0.38206013503260977,383
383,2012-01-19,0.351612028669674,0.3159335019762601,0.3820318703285911,0.3820318703285911,0.32242537001866167,0.40791001941654825,0.40230713056528017,384
384,2012-01-20,0.351956098530824,0.3085530513693116,0.3827171157042343,0.3827171157042343,0.3171716042795588,0.4081667293874231,0.40571591693512765,385
385,2012-01-21,0.36115245811525215,0.3166021323908715,0.39536055427934974,0.39536055427934974,0.32491063105022017,0.4214567451207153,0.41778508382211815,386
386,2012-01-22,0.36891470712555763,0.3139268359246492,0.3975646585561553,0.3975646585561553,0.3331240887172253,0.42270438671109983,0.4169611009654055,387
387,2012-01-23,0.39540762124824086,0.33698117116982923,0.4314342056165391,0.4314342056165391,0.34091782652757796,0.4568937375799108,0.4535191792198248,388
388,2012-01-24,0.3809728886689639,0.32795787299576395,0.41657247976536754,0.41657247976536754,0.3141638481032823,0.4408513838235268,0.4376067447723819,389
389,2012-01-25,0.3614162745679472,0.31723628590918074,0.39951699889294223,0.39951699889294223,0.29460107974710376,0.4310000983760507,0.43186420626241717,390
390,2012-01-26,0.34250552785872057,0.31893439945368346,0.38872779889061493,0.38872779889061493,0.2649399750468542,0.4188963670104561,0.4205989667222074,391
391,2012-01-27,0.323853215347839,0.3127876102238055,0.3816055363936569,0.3816055363936569,0.24930686761689766,0.41496815106917495,0.4226736138292064,392
392,2012-01-28,0.2918828978834529,0.27517832596187014,0.3522720502929602,0.3522720502929602,0.21472750083198058,0.384342710387767,0.39020267022681265,393
393,2012-01-29,0.273668922307804,0.24314700723545968,0.3385255499699227,0.3385255499699227,0.18664213522827103,0.3680719316824688,0.37844420051474764,394
394,2012-01-30,0.22257782477834823,0.3206305588974445,0.2946137511840634,0.2946137511840634,0.10252698910591979,0.33143738031731035,0.3642853778159214,395
395,2012-01-31,0.1981102324942556,0.2538332326143909,0.3205925754560833,0.3205925754560833,0.10359206435392206,0.3579559146625954,0.3951198104226486,396
